created_at	timestamp	timestamp	0	NO	NULL
updated_at	timestamp	timestamp(3)	3	NO	NULL
seen_at	timestamp	timestamp(6)	6	YES	NULL
after-delete	1	epoch-start	1970-01-01 00:00:01	1970-01-01 00:00:01.123	1970-01-01 00:00:01.123457
after-delete	3	ordinary	2024-02-29 12:34:56	2024-03-01 01:02:04.000	2024-03-01 01:02:03.000001
summary	2	1970-01-01 00:00:01	2024-03-01 01:02:04.000	epoch-start,ordinary
after-too-low	1292	22007
after-too-high	1292	22007
after-round-high	1292	22007
after-truncate	0	0
after-reinsert	1	restored	2038-01-19 03:14:07	2038-01-19 03:14:07.999	2038-01-19 03:14:07.999999
remaining-tables	0
